{
  "lm": "gpt2",
  "n_bands": 8,
  "MAGE_raw": {
    "mean+burst": 0.842,
    "+arc": 0.842,
    "+band": 0.853,
    "band_only": 0.59
  },
  "MAGE_para": {
    "mean+burst": 0.845,
    "+arc": 0.84,
    "+band": 0.84,
    "band_only": 0.619
  },
  "MAGE_band_profile": {
    "human": [
      0.1643,
      0.141,
      0.132,
      0.1202,
      0.1129,
      0.1164,
      0.1075,
      0.1057
    ],
    "ai_raw": [
      0.1723,
      0.1308,
      0.1212,
      0.1227,
      0.1111,
      0.1147,
      0.1151,
      0.112
    ],
    "ai_para": [
      0.1443,
      0.1283,
      0.1246,
      0.1216,
      0.1199,
      0.121,
      0.12,
      0.1203
    ]
  },
  "ASAP_all": {
    "n": 1200,
    "cv_r2_baseline": 0.3411,
    "cv_r2_+band": 0.3465,
    "cv_r2_+arc": 0.3399,
    "band_delta": 0.0054,
    "band_F": 2.723,
    "band_p": 0.008345282957488246
  },
  "ASAP_set8_longest": {
    "n": 400,
    "cv_r2_baseline": 0.4176,
    "cv_r2_+band": 0.4142,
    "cv_r2_+arc": 0.4028,
    "band_delta": -0.0034,
    "band_F": 2.547,
    "band_p": 0.014193338652922577
  },
  "ASAP_band_profile": {
    "high": [
      0.148,
      0.1296,
      0.1245,
      0.122,
      0.1226,
      0.1185,
      0.1187,
      0.1162
    ],
    "low": [
      0.161,
      0.1324,
      0.1262,
      0.1216,
      0.114,
      0.1189,
      0.1178,
      0.108
    ]
  }
}