{
  "dataset": "ASAP-AES sets 1/2/8",
  "lm": "gpt2",
  "n": 1200,
  "per_set_spearman_vs_score": {
    "1": {
      "length": 0.747919248490103,
      "mean": -0.19261846846718164,
      "std": -0.0858506380046255,
      "mad": 0.04618256653631658
    },
    "2": {
      "length": 0.6455160197482468,
      "mean": -0.29163410178167215,
      "std": -0.1875092256212317,
      "mad": 0.07496722803854887
    },
    "8": {
      "length": 0.4597145474033154,
      "mean": -0.20522232574913268,
      "std": -0.03231121231228487,
      "mad": 0.11534224831939614
    }
  },
  "pooled": {
    "baseline_R2_insample": 0.3516,
    "full_R2_insample": 0.3593,
    "arc_block_F": 1.786,
    "arc_block_p": 0.07568104969515985,
    "cv_r2_baseline": 0.3411,
    "cv_r2_full": 0.3399,
    "cv_r2_delta": -0.0012
  },
  "verdict_arc_predicts_quality": false
}